id,track_name,artist,place,place_type,confidence,note
6,Lorraine Motel,$ilkMoney,Lorraine Motel (Memphis),landmark,yes,
15,Carrollton,$uicideboy$,Carrollton (New Orleans),neighborhood,yes,
110,Ocean Drive,"21 Savage, Metro Boomin",Ocean Drive (Miami),street,yes,
131,California Love - Original Version,"2Pac, Roger, Dr. Dre",California,state,yes,
162,ATL Freestyle,6LACK,ATL (Atlanta),city,yes,
188,East Atlanta Love Letter (feat. Future),"6LACK, Future",East Atlanta,neighborhood,yes,
212,Japan 88,"88rising, Famous Dex, Keith Ape, Verbal",Japan,country,yes,
218,La Cienega,"88rising, Joji, NIKI",La Cienega (Los Angeles),street,yes,
225,California (feat. Warren Hue),"88rising, Rich Brian, NIKI, Warren Hue",California,state,yes,
310,r - Cali,A$AP Rocky,Cali (California),state,maybe,
351,Portishead in the Morning / / / HER World,Ab-Soul,Portishead (England),town,maybe,
369,Waterloo,ABBA,Waterloo (Belgium),town,yes,
379,New York Groove,Ace Frehley,New York,city,yes,
385,Mt. Etna,Action Bronson,Mount Etna (Sicily),landmark,yes,
395,Live from the Moon (feat. Yung Mehico),"Action Bronson, Yung Mehico",The Moon,landmark,maybe,
406,Ain't In LA,ADÉLA,LA (Los Angeles),city,yes,
412,norf side long beach,"afternoon, j'san",North Long Beach,neighborhood,yes,
419,Memphis,AG Club,Memphis,city,yes,
427,It Never Rains in Southern California,Albert Hammond,Southern California,region,yes,
436,Lake Shore Drive,Aliotta Haynes Jeremiah,Lake Shore Drive (Chicago),street,yes,
442,27/Faust Road - Unplugged At CBC,Allan Rayman,Faust Road,street,maybe,
444,Alabama's Song,Allan Rayman,Alabama,state,yes,
455,Graceland,Allan Rayman,Graceland (Memphis),landmark,yes,
457,Hollywood/My Way,Allan Rayman,Hollywood,neighborhood,yes,
471,Russia,Allan Rayman,Russia,country,yes,
475,Tennessee,Allan Rayman,Tennessee,state,yes,
480,Faust Road,"Allan Rayman, Adria Kain",Faust Road,street,maybe,
483,Verona the Hellcat (feat. Jessie Reyez),"Allan Rayman, Jessie Reyez",Verona (Italy),city,maybe,
514,Riverside,America,Riverside,city,maybe,
516,Ventura Highway,"America, George Martin",Ventura Highway,street,yes,
517,Arc de Triomphe,Aminé,Arc de Triomphe (Paris),landmark,yes,
586,Saviers Road,Anderson .Paak,Saviers Road (Oxnard),street,yes,
587,Silicon Valley,Anderson .Paak,Silicon Valley,region,yes,
634,The Church at Auvers,ANKHLEJOHN,Auvers-sur-Oise (France),town,maybe,
653,The Thief in Marrakesh,Arc De Soleil,Marrakesh,city,yes,
661,Chicago Boy,Ari Lennox,Chicago,city,yes,
690,SANTA MONICA,Aries,Santa Monica,city,yes,
699,The City of New Orleans,Arlo Guthrie,New Orleans,city,yes,
713,Catania,"Arthur Jeffes, Des Murphy, Penguin Cafe",Catania (Sicily),city,yes,
721,Finland,"Arthur Jeffes, Penguin Cafe",Finland,country,yes,
732,Landau,"Arthur Jeffes, Penguin Café and Kathryn Tickell",Landau (Germany),city,maybe,
787,trademark usa,Baby Keem,USA,country,yes,
794,France,Babymorocco,France,country,yes,
800,NUEVAYoL,Bad Bunny,Nueva York (New York),city,yes,
823,Boca Raton (with A$AP Ferg),"Bas, A$AP Ferg",Boca Raton,city,yes,
871,Zanzibar,"Belly, Juicy J",Zanzibar,island,yes,
881,Follaton Wood,Ben Howard,Follaton Wood (Devon),landmark,yes,
896,Brooklyn Drugs,Berhana,Brooklyn,neighborhood,yes,
897,California,Berhana,California,state,yes,
901,Wade Green,Berhana,"Wade Green Road (Kennesaw, GA)",street,maybe,
910,AMERICA HAS A PROBLEM (feat. Kendrick Lamar),"Beyoncé, Kendrick Lamar",America,country,yes,
913,LONDON (feat. J. Cole),"BIA, J. Cole",London,city,yes,
965,New York State of Mind,Billy Joel,New York,city,yes,
967,Vienna,Billy Joel,Vienna,city,yes,
1054,santa monica & la brea,blackbear,Santa Monica & La Brea (Los Angeles),street,yes,
1084,Dagenham Dream,Blood Orange,Dagenham (London),town,yes,
1086,Minetta Creek,Blood Orange,Minetta Creek (New York),river,yes,
1088,Orlando,Blood Orange,Orlando,city,maybe,
1148,Fuck The World (Summer in London),Brent Faiyaz,London,city,yes,
1172,ALASKA,BROCKHAMPTON,Alaska,state,yes,
1173,BERLIN,BROCKHAMPTON,Berlin,city,yes,
1200,NEW ORLEANS,BROCKHAMPTON,New Orleans,city,yes,
1203,SAN MARCOS,BROCKHAMPTON,San Marcos (Texas),city,yes,
1221,TOKYO,BROCKHAMPTON,Tokyo,city,yes,
1242,La La Land (feat. YG),"Bryce Vine, YG",La La Land (Los Angeles),city,maybe,
1260,Trouble On Central,Buddy,Central Avenue (Los Angeles),street,maybe,
1286,Talamanca,BURNS,Talamanca (Ibiza),landmark,maybe,
1302,Hollywood,Cal Scruby,Hollywood,neighborhood,yes,
1348,Havana (feat. Young Thug),"Camila Cabello, Young Thug",Havana,city,yes,
1460,Lancaster Nights,Charlie Burg,Lancaster,city,yes,
1494,California,Childish Gambino,California,state,yes,
1509,This Is America,Childish Gambino,America,country,yes,
1521,Fuji Unlimited,Choker,Mount Fuji,landmark,maybe,
1530,Starfruit LA,Choker,LA (Los Angeles),city,yes,
1531,Starfruit NYC,Choker,NYC (New York),city,yes,
1543,In The Yuma (feat. Aatig),"Chris Lake, Aatig",Yuma (Arizona),city,maybe,
1547,Dubai Dublin,"Chris Lake, Armand Van Helden",Dubai; Dublin,city,yes,
1552,California Dreamin' (feat. High Jinx),"Chris Lorenzo, High Jinx",California,state,yes,
1620,Malibu Sleep,Col3trane,Malibu,city,yes,
1648,Cape Canaveral,Conor Oberst,Cape Canaveral,landmark,yes,
1742,Walker Texas Ranger,DaBaby,Texas,state,yes,
1807,Screwface Capital,Dave,Screwface Capital (London),city,maybe,
1808,Streatham,Dave,Streatham (London),neighborhood,yes,
1818,Babylon,David Gray,Babylon,city,maybe,
1827,Brazil,Declan McKenna,Brazil,country,yes,
1828,Mulholland's Dinner and Wine,Declan McKenna,Mulholland,street,maybe,
1863,America's Baby,Desiigner,America,country,yes,
1870,LA to NY,Desiigner,LA; NY,city,yes,
1967,GREECE (feat. Drake),"DJ Khaled, Drake",Greece,country,yes,
2011,Pigalle,"DJ Snake, Moksi",Pigalle (Paris),neighborhood,yes,
2015,Sahara,"DJ Snake, Skrillex",Sahara,landmark,yes,
2029,Agora Hills,Doja Cat,Agoura Hills (California),city,yes,
2056,Westcoast Collective,Dominic Fike,West Coast,region,maybe,
2087,Swangin’ On Westheimer,Don Toliver,Westheimer Road (Houston),street,yes,
2192,Weston Road Flows,Drake,Weston Road (Toronto),street,yes,
2211,Chicago Freestyle (feat. Giveon),"Drake, GIVĒON",Chicago,city,yes,
2226,Portland,"Drake, Quavo, Travis Scott",Portland,city,yes,
2251,"Costa Rica (feat. Bas, JID, Guapdad 4000, Reese LAFLARE, Jace, Mez, Smokepurpp, Buddy & Ski Mask The Slump God)","Dreamville, Bas, JID, Guapdad 4000, Reese LAFLARE, Jace, Mez, Smokepurpp, Buddy, Ski Mask The Slump God",Costa Rica,country,yes,
2264,Bernal Heights,Duckwrth,Bernal Heights (San Francisco),neighborhood,yes,
2269,Ocean Drive,Duke Dumont,Ocean Drive (Miami),street,yes,
2272,Rio - 2009 Remaster,Duran Duran,Rio de Janeiro,city,yes,
2296,Hotel California - 2013 Remaster,Eagles,Hotel California,landmark,yes,
2330,South Of France,Ebenezer,South of France,region,yes,
2345,Last Train to London,Electric Light Orchestra,London,city,yes,
2370,From The D 2 The LBC (with Snoop Dogg),"Eminem, Snoop Dogg",Detroit; Long Beach,city,yes,
2383,MOVE TO MIAMI,"Enrique Iglesias, Pitbull",Miami,city,yes,
2400,Santa Monica,Everclear,Santa Monica,city,yes,
2427,London Bridge,Fergie,London Bridge,landmark,yes,
2440,Palm Beach Banga,FISHER,Palm Beach,city,yes,
2452,Magic City (feat. Quavo),"Fivio Foreign, Quavo",Magic City (Atlanta/Miami),city,maybe,
2554,Pyramids,Frank Ocean,Pyramids (Egypt),landmark,maybe,
2556,Sierra Leone,Frank Ocean,Sierra Leone,country,yes,
2615,Travis! (Niagara Falls),friz.Leaks,Niagara Falls,landmark,yes,
2670,St. Lucia,Future,St. Lucia,island,yes,
2733,West Coast,"G-Eazy, Blueface",West Coast,region,yes,
2759,"California (From ""The OC"")",Geek Music,California,state,yes,
2770,Baker Street,Gerry Rafferty,Baker Street (London),street,yes,
2784,Tokyo Drifting (with Denzel Curry),"Glass Animals, Denzel Curry",Tokyo,city,yes,
2786,The Sound Of San Francisco - Progressive Album Mix,Global Deejays,San Francisco,city,yes,
2971,Cupid's Chokehold / Breakfast in America,Gym Class Heroes,America,country,yes,
3039,Sedona,Houndmouth,Sedona (Arizona),city,yes,
3093,Skyway Bridge,Immerze,Skyway Bridge (Tampa),landmark,maybe,
3111,"New Hawaii (Feat. DRAM, Tony Velour & Dylan Brady)","Injury Reserve, DRAM, Tony Velour, Dylan Brady",Hawaii,state,yes,
3131,West Savannah (feat. SZA),"Isaiah Rashad, SZA",West Savannah (Georgia),neighborhood,yes,
3137,"Crown Ct, Racine",IshDARR,"Crown Court, Racine (Wisconsin)",street,yes,
3204,Miss America,J. Cole,America,country,maybe,
3219,St. Tropez,J. Cole,Saint-Tropez,town,yes,
3222,Ville Mentality,J. Cole,"The Ville (Fayetteville, NC)",city,maybe,
3229,New York Times (feat. 50 Cent & Bas),"J. Cole, 50 Cent, Bas",New York,city,maybe,
3257,Churchill Downs (feat. Drake),"Jack Harlow, Drake",Churchill Downs (Louisville),landmark,yes,
3267,Shaky Town - Live,Jackson Browne,Shaky Town (Los Angeles),city,maybe,
3299,Str8 Outta Mumbai,Jai Paul,Mumbai,city,yes,
3382,Rotation 112th,Jay Rock,"112th Street (Watts, LA)",street,maybe,
3396,Queen St,Jayd Ink,Queen Street (Toronto),street,yes,
3417,Empire State Of Mind [Jay-Z + Alicia Keys],JAŸ-Z,Empire State (New York),state,yes,
3422,Empire State Of Mind,"JAŸ-Z, Alicia Keys",Empire State (New York),state,yes,
3427,Ni**as In Paris,"JAŸ-Z, Kanye West",Paris,city,yes,
3432,Made In America,"JAŸ-Z, Kanye West, Frank Ocean",America,country,yes,
3476,Hawaiian Roller Coaster Ride,"Jesse Bloch, Coby Watts",Hawaii,state,maybe,
3497,Skegee,JID,Tuskegee (Alabama),city,maybe,
3519,Walkin’ Back to Georgia,Jim Croce,Georgia,state,yes,
3541,Guantanamera,Joan Baez,Guantánamo (Cuba),city,maybe,
3583,"Mulholland Drive, My Abyss",Johnny Rain,Mulholland Drive (Los Angeles),street,yes,
3600,YUKON (INTERLUDE),Joji,Yukon,province,yes,
3602,WHY AM I STILL IN LA (feat. Shlohmo & D33J),"Joji, D33J, Shlohmo",LA (Los Angeles),city,yes,
3624,MEDELLÍN,Jordy,Medellín,city,yes,
3695,Wandered To LA (with Justin Bieber),"Juice WRLD, Justin Bieber",LA (Los Angeles),city,yes,
3711,Back On 74,Jungle,Route 74,street,maybe,
3715,"Heavy, California",Jungle,California,state,yes,
3793,Miami (feat. BIA),"Kali Uchis, BIA",Miami,city,yes,
3819,Diamonds From Sierra Leone,Kanye West,Sierra Leone,country,yes,
3859,No More Parties In LA,Kanye West,LA (Los Angeles),city,yes,
3889,Who Will Survive In America,Kanye West,America,country,yes,
3953,California Gurls,"Katy Perry, Snoop Dogg",California,state,yes,
4031,Silent Hill,"Kendrick Lamar, Kodak Black",Silent Hill,town,maybe,
4058,Degas Park,Kevin Abstract,Degas Park,landmark,maybe,
4061,Flintridge,Kevin Abstract,Flintridge (California),neighborhood,maybe,
4067,Miserable America,Kevin Abstract,America,country,yes,
4075,Tennessee (feat. Lil Nas X),"Kevin Abstract, Lil Nas X",Tennessee,state,yes,
4135,Suncity (feat. Empress Of),"Khalid, Empress Of",Sun City (El Paso),city,maybe,
4141,Texas Sun,"Khruangbin, Leon Bridges",Texas,state,yes,
4199,Killamonjaro,KILLY,Kilimanjaro,landmark,maybe,
4228,Tokyo,"Klinical, Spektiv",Tokyo,city,yes,
4281,Long Beach,"Kota the Friend, Hello O'shay, Alex Banin",Long Beach,city,yes,
4328,Paris,L'Impératrice,Paris,city,yes,
4355,Santa Catarina,Lazywax,Santa Catarina (Brazil),region,yes,
4371,Georgia to Texas,Leon Bridges,Georgia; Texas,state,yes,
4384,California Breeze,Lil Baby,California,state,yes,
4434,Broadway Girls (feat. Morgan Wallen),"Lil Durk, Morgan Wallen",Broadway (New York),street,yes,
4580,Nolia (feat. Kevin Gates),"Lil Yachty, Kevin Gates","Nolia (Magnolia Projects, New Orleans)",neighborhood,maybe,
4584,Minnesota,"Lil Yachty, Quavo, Skippa Da Flippa, Young Thug",Minnesota,state,yes,
4606,Amazon River Cruise,Lofi Coffee,Amazon River,river,yes,
4622,Studio Ambience At Night: Malibu,Logic,Malibu,city,yes,
4632,America,"Logic, Black Thought, Chuck D, Big Lenbo, No ID",America,country,yes,
4701,Manilla,Lupe Fiasco,Manila,city,maybe,
4730,Sun God Sam & The California Drug Deals (feat. Nikki Jean),"Lupe Fiasco, Nikki Jean",California,state,yes,
4736,Down Under (feat. Colin Hay),"Luude, Colin Hay",Down Under (Australia),country,yes,
4740,Sweet Home Alabama,Lynyrd Skynyrd,Alabama,state,yes,
4772,Party On Fifth Ave.,Mac Miller,Fifth Avenue (New York),street,yes,
4788,When in Rome,Mac Miller,Rome,city,yes,
4829,Savannah Sunset (feat. Tinashe),"MadeinTYO, Tinashe",Savannah,city,maybe,
4851,King City,Majid Jordan,King City (Ontario),town,yes,
4858,Pacifico,Majid Jordan,Pacific Ocean,landmark,maybe,
4950,Navajo,Masego,Navajo Nation,region,maybe,
4969,Party on the West Coast (feat. Snoop Dogg),"Matoma, Faith Evans, The Notorious B.I.G., Snoop Dogg",West Coast,region,yes,
4979,Drugs From Amsterdam,Mau P,Amsterdam,city,yes,
5002,Otherside of America,Meek Mill,America,country,yes,
5025,Millidelphia (feat. Swizz Beatz),"Meek Mill, Swizz Beatz",Philadelphia,city,maybe,
5057,Trap Paris (feat. Quavo & Ty Dolla $ign),"mgk, Quavo, Ty Dolla $ign",Paris,city,yes,
5070,Barcelona,Mick Jenkins,Barcelona,city,yes,
5134,Malibu (feat. Polo G),"Migos, Polo G",Malibu,city,yes,
5142,City of Angels,Miguel,City of Angels (Los Angeles),city,yes,
5160,I Took A Pill In Ibiza - Seeb Remix,"Mike Posner, Seeb",Ibiza,island,yes,
5178,Party In The U.S.A.,Miley Cyrus,USA,country,yes,
5199,Morocco,Moon Taxi,Morocco,country,yes,
5222,One Night in Bangkok,Murray Head,Bangkok,city,yes,
5225,Interstate 10 (feat. Future),"Mustard, Future",Interstate 10,street,yes,
5238,Straight Outta Compton,N.W.A.,Compton,city,yes,
5273,Turks (feat. Travis Scott),"NAV, Gunna, Travis Scott",Turks and Caicos,island,maybe,
5316,Miami,Nicki Minaj,Miami,city,yes,
5354,California Water,"Nipsey Hussle, Big Lean",California,state,yes,
5401,Montego Bae,"Noname, Ravyn Lenae",Montego Bay (Jamaica),city,yes,
5455,Wild Wild West (feat. Gunna),"Offset, Gunna",Wild West,region,maybe,
5467,Chernobyl,Oliver Francis,Chernobyl,town,yes,
5523,Break from Toronto,PARTYNEXTDOOR,Toronto,city,yes,
5550,Patagonia,Patawawa,Patagonia,region,yes,
5589,Stateside,PinkPantheress,Stateside (USA),country,maybe,
5593,Stateside + Zara Larsson,"PinkPantheress, Zara Larsson",Stateside (USA),country,maybe,
5597,I Know You Want Me (Calle Ocho),Pitbull,Calle Ocho (Miami),street,yes,
5651,EL SALVADOR,PNTHN,El Salvador,country,yes,
5693,Hollywood's Bleeding,Post Malone,Hollywood,neighborhood,yes,
5709,Cruisin' in The MIA,Pouya,MIA (Miami),city,yes,
5715,Canada Goose,"Pressa, Tory Lanez",Canada,country,maybe,
5808,Guatemala - From Swaecation,"Rae Sremmurd, Swae Lee, Slim Jxmmi",Guatemala,country,yes,
5809,Heartbreak In Encino Hills - From Swaecation,"Rae Sremmurd, Swae Lee, Slim Jxmmi",Encino Hills (Los Angeles),neighborhood,yes,
5813,Lost Angels - From Swaecation,"Rae Sremmurd, Swae Lee, Slim Jxmmi",Lost Angels (Los Angeles),city,maybe,
5860,Barking,Ramz,Barking (London),town,yes,
5861,A Wedding in Cherokee County - 2002 Remaster,Randy Newman,Cherokee County,region,yes,
5863,Birmingham - 2002 Remaster,Randy Newman,Birmingham,city,yes,
5867,Louisiana 1927 - 2002 Remaster,Randy Newman,Louisiana,state,yes,
5885,Puerto Rican Judo,"RATKING, Wavy Spice",Puerto Rico,island,maybe,
5901,Californication,Red Hot Chili Peppers,California,state,maybe,
5902,Dani California,Red Hot Chili Peppers,California,state,yes,
5913,Alone in Miami,Remi Wolf,Miami,city,yes,
5961,Sydney,Rich Brian,Sydney,city,maybe,
5963,Arizona (feat. AUGUST 08),"Rich Brian, AUGUST 08",Arizona,state,yes,
5965,BALI,"Rich Brian, Guapdad 4000",Bali,island,yes,
5983,Little Havana (feat. Willie Falcon & The-Dream),"Rick Ross, THE-DREAM, Willie Falcon",Little Havana (Miami),neighborhood,yes,
5997,Only In America,Riff Raff,America,country,yes,
6008,iNDiANA BOBBY KNiGHT HOOSiERS,"Riff Raff, Killah Priest",Indiana,state,yes,
6009,Shout Out to the Bay (feat. King Chip),"Riff Raff, King Chip",The Bay (San Francisco Bay Area),region,yes,
6051,Costa Rica (feat. Ski Mask the Slump God),"RONNY J, Ski Mask The Slump God",Costa Rica,country,yes,
6054,Berghain,"ROSALÍA, Björk, Yves Tumor",Berghain (Berlin),landmark,yes,
6062,B-Town,Roy Woods,B-Town,city,maybe,
6100,Boblo Boat (feat. J. Cole),"Royce Da 5'9"", J. Cole",Bob-Lo Island (Detroit),island,maybe,
6264,HOLLYWOOD FICTION,"SHADESOFBLUE, Dom Vallie",Hollywood,neighborhood,yes,
6270,Waka Waka (This Time for Africa) [The Official 2010 FIFA World Cup (TM) Song] (feat. Freshlyground),"Shakira, Freshlyground",Africa,continent,yes,
6295,Fljótavík,Sigur Rós,Fljótavík (Iceland),landmark,yes,
6300,Straumnes,Sigur Rós,Straumnes (Iceland),landmark,maybe,
6334,Shibuya,Ski Mask The Slump God,Shibuya (Tokyo),neighborhood,yes,
6371,Northampton's Child,slowthai,Northampton,town,yes,
6372,Nothing Great About Britain,slowthai,Britain,country,yes,
6399,Ocean Drive,"Smif-N-Wessun, Musiq Soulchild, Rapsody",Ocean Drive (Miami),street,yes,
6458,Berlin Nightmare (feat. Evita Manji),"SOPHIE, Evita Manji",Berlin,city,yes,
6558,Angeles (feat. MK Grands),"Stwo, MK Grands",Los Angeles,city,maybe,
6593,Miami 2 Ibiza - Swedish House Mafia vs. Tinie Tempah,"Swedish House Mafia, Tinie Tempah",Miami; Ibiza,city,yes,
6628,Tallahassee Love,T-Pain,Tallahassee,city,yes,
6671,Georgia (feat. 2 Chainz),"T.R.U., Sleepy Rose, 2 Chainz",Georgia,state,yes,
6745,"Tokyo Drift (Fast & Furious) - From ""The Fast And The Furious: Tokyo Drift"" Soundtrack",Teriyaki Boyz,Tokyo,city,yes,
6763,Kilby Girl,The Backseat Lovers,Kilby Court (Salt Lake City),landmark,maybe,
6784,London Calling - Remastered,The Clash,London,city,yes,
6837,Brazilian Soul (feat. Sofi Tukker),"The Knocks, SOFI TUKKER",Brazil,country,maybe,
6841,Dead Sea,The Lumineers,Dead Sea,landmark,yes,
6842,California Dreamin',The Mamas & The Papas,California,state,yes,
6874,Australia,The Shins,Australia,country,yes,
6899,Heaven Or Las Vegas,The Weeknd,Las Vegas,city,yes,
6911,Montreal,The Weeknd,Montreal,city,yes,
6947,São Paulo (feat. Anitta),"The Weeknd, Anitta",São Paulo,city,yes,
7003,The Paris of the West,THE-DREAM,Paris,city,yes,
7031,London Honda Nasty Taxi - Superstar Remix,"Thoom, Babymorocco",London,city,yes,
7075,Pasadena,"Tinashe, Buddy",Pasadena,city,yes,
7109,MIAMI,Tommy Richman,Miami,city,yes,
7130,Monte Carlo (feat. WET),"Toro y Moi, Wet",Monte Carlo,city,yes,
7141,Florida Shit,Tory Lanez,Florida,state,yes,
7148,LA Confidential,Tory Lanez,LA (Los Angeles),city,yes,
7171,Africa,TOTO,Africa,continent,yes,
7175,Drops of Jupiter (Tell Me),Train,Jupiter,landmark,maybe,
7190,HOUSTONFORNICATION,Travis Scott,Houston,city,yes,
7207,YOSEMITE,Travis Scott,Yosemite,landmark,yes,
7213,90210 (feat. Kacy Hill),"Travis Scott, Kacy Hill",90210 (Beverly Hills),city,maybe,
7285,South Beach (feat. Quavo & French Montana),"Ty Dolla $ign, French Montana, Quavo",South Beach (Miami),neighborhood,yes,
7352,Oneida,Tyler Childers,Oneida (New York),town,maybe,
7409,Georgia,Vance Joy,Georgia,state,maybe,
7427,Memories On 47th St.,VIC MENSA,47th Street (Chicago),street,yes,
7480,Ramona Park Is Yankee Stadium,Vince Staples,Ramona Park (Long Beach); Yankee Stadium,landmark,yes,
7523,Down South (feat. Yella Beezy & Maxo Kream),"Wale, Maxo Kream, Yella Beezy",Down South,region,maybe,
7536,Beverly Hills,Weezer,Beverly Hills,city,yes,
7554,Soho (feat. JID),"WESTSIDE BOOGIE, JID",Soho,neighborhood,yes,
7596,Miami,Will Smith,Miami,city,yes,
7624,Orlando,XXXTENTACION,Orlando,city,maybe,
7648,BOMPTOWN FINEST,YG,Bompton (Compton),city,maybe,
7650,BPT,YG,BPT (Compton),city,maybe,
7651,CANT GET IN KANADA,YG,Canada,country,maybe,
7685,Bompton to Oak Park,"YG, Mozzy",Bompton (Compton); Oak Park (Sacramento),neighborhood,yes,
7760,The London (feat. J. Cole & Travis Scott),"Young Thug, J. Cole, Travis Scott",London,city,yes,
