rank,track_name,artist,why
1,Lake Shore Drive,Aliotta Haynes Jeremiah,"A 70s soft-rock love letter to Chicago's lakefront road. Most people know it once it plays, but it rarely gets picked."
2,One Night in Bangkok,Murray Head,"From the musical Chess. Huge hook, and a trip to Thailand nobody else will bring."
3,Ventura Highway,"America, George Martin",Breezy and instantly familiar. The California coast in three minutes.
4,The City of New Orleans,Arlo Guthrie,A train ride from Chicago down to New Orleans. A great 'takes you somewhere' story song.
5,Texas Sun,"Khruangbin, Leon Bridges","Khruangbin and Leon Bridges. Warm and dusty, a modern pick that shows you have taste."
6,Baker Street,Gerry Rafferty,"The sax riff everyone knows. London's Baker Street, of Sherlock Holmes fame."
7,Waterloo,ABBA,"ABBA's Eurovision winner, about the Belgian battlefield. Pure fun."
8,"Tokyo Drift (Fast & Furious) - From ""The Fast And The Furious: Tokyo Drift"" Soundtrack",Teriyaki Boyz,"Tokyo Drift. Pure nostalgia, and the room will hype it."
9,It Never Rains in Southern California,Albert Hammond,A sneaky deep cut. Everyone half-knows the chorus.
10,Last Train to London,Electric Light Orchestra,ELO disco-rock. A train to London that most of the league will have forgotten they love.
