section,track_name,artist,place,place_type,confidence,spotify_url
playlists,Lorraine Motel,$ilkMoney,Lorraine Motel (Memphis),landmark,yes,https://open.spotify.com/track/0uic9TLbas0JHILjmHR4GY
playlists,Carrollton,$uicideboy$,Carrollton (New Orleans),neighborhood,yes,https://open.spotify.com/track/7wPHEEGn0rWMZEDrDcOaDa
playlists,Ocean Drive,"21 Savage, Metro Boomin",Ocean Drive (Miami),street,yes,https://open.spotify.com/track/1UyLFPOIG7E1OfamPQLOfD
playlists,California Love - Original Version,"2Pac, Roger, Dr. Dre",California,state,yes,https://open.spotify.com/track/2eU63GLRBeMOszGRTCEE9E
playlists,ATL Freestyle,6LACK,ATL (Atlanta),city,yes,https://open.spotify.com/track/6tfEKQWSonINLZgXEQ9aRK
playlists,East Atlanta Love Letter (feat. Future),"6LACK, Future",East Atlanta,neighborhood,yes,https://open.spotify.com/track/6rJmWa5DvQ3Nby3tdcX2L0
playlists,Japan 88,"88rising, Famous Dex, Keith Ape, Verbal",Japan,country,yes,https://open.spotify.com/track/2AJlEaACYHQMYxXlRMdLM6
playlists,La Cienega,"88rising, Joji, NIKI",La Cienega (Los Angeles),street,yes,https://open.spotify.com/track/3iGz75NJkqHubYUMRELLyP
playlists,California (feat. Warren Hue),"88rising, Rich Brian, NIKI, Warren Hue",California,state,yes,https://open.spotify.com/track/3Qj2f7BrpJNGj3dbxKpOlp
playlists,Waterloo,ABBA,Waterloo (Belgium),town,yes,https://open.spotify.com/track/0RzhMHIsFMbOGh0oWDvNNK
playlists,New York Groove,Ace Frehley,New York,city,yes,https://open.spotify.com/track/1BvpeiApX8qhof8Pmi3YlH
playlists,Mt. Etna,Action Bronson,Mount Etna (Sicily),landmark,yes,https://open.spotify.com/track/0yUA5Ci61OTYCYnE4RPU2C
playlists,Ain't In LA,ADÉLA,LA (Los Angeles),city,yes,https://open.spotify.com/track/6U9VpmP3dEinuezxCJ2Zg9
playlists,norf side long beach,"afternoon, j'san",North Long Beach,neighborhood,yes,https://open.spotify.com/track/3ZKx3R85b2yjjcOAHxk5Hw
playlists,Memphis,AG Club,Memphis,city,yes,https://open.spotify.com/track/5ChkQ9kE4wc2lWgBnrbD7k
playlists,It Never Rains in Southern California,Albert Hammond,Southern California,region,yes,https://open.spotify.com/track/6tunhVGD8C05MZNjSVIsjw
playlists,Lake Shore Drive,Aliotta Haynes Jeremiah,Lake Shore Drive (Chicago),street,yes,https://open.spotify.com/track/46MX86XQqYCZRvwPpeq4Gi
playlists,Alabama's Song,Allan Rayman,Alabama,state,yes,https://open.spotify.com/track/5b0ihNIlfCqKCUZdfFmKSn
playlists,Graceland,Allan Rayman,Graceland (Memphis),landmark,yes,https://open.spotify.com/track/1EchZuzbnKz69m22lJTKxR
playlists,Hollywood/My Way,Allan Rayman,Hollywood,neighborhood,yes,https://open.spotify.com/track/63Yj1Chwie3htsmsEXHhCA
playlists,Russia,Allan Rayman,Russia,country,yes,https://open.spotify.com/track/7lXXpouzbYpSR4ii8E9ubC
playlists,Tennessee,Allan Rayman,Tennessee,state,yes,https://open.spotify.com/track/7EzATOw6RayMI4QTrOlEfR
playlists,Ventura Highway,"America, George Martin",Ventura Highway,street,yes,https://open.spotify.com/track/4IU1RL4BKvFyXtbTwaHAvW
playlists,Arc de Triomphe,Aminé,Arc de Triomphe (Paris),landmark,yes,https://open.spotify.com/track/5THdCNXFd7JK1ayDYYvzwB
playlists,Saviers Road,Anderson .Paak,Saviers Road (Oxnard),street,yes,https://open.spotify.com/track/3LfnrqODEqXpp7s974cT4z
playlists,Silicon Valley,Anderson .Paak,Silicon Valley,region,yes,https://open.spotify.com/track/6zyXhzPJg7dCGuC5ToIxqN
playlists,The Thief in Marrakesh,Arc De Soleil,Marrakesh,city,yes,https://open.spotify.com/track/3PLlvksV9NfmoGiZXEqunJ
playlists,Chicago Boy,Ari Lennox,Chicago,city,yes,https://open.spotify.com/track/0Gx7phIMvHVT7pXk03h0rH
playlists,SANTA MONICA,Aries,Santa Monica,city,yes,https://open.spotify.com/track/0JO1CEUuyozopyTLPEMmhj
playlists,The City of New Orleans,Arlo Guthrie,New Orleans,city,yes,https://open.spotify.com/track/0P6TTXbSLGrSoTNMz5kvB7
playlists,Catania,"Arthur Jeffes, Des Murphy, Penguin Cafe",Catania (Sicily),city,yes,https://open.spotify.com/track/0WwwqNDxhoOpYhDfiFHcUs
playlists,Finland,"Arthur Jeffes, Penguin Cafe",Finland,country,yes,https://open.spotify.com/track/4XY2CTdrk1YFUrW6gO0znA
playlists,trademark usa,Baby Keem,USA,country,yes,https://open.spotify.com/track/15hJmqqEtASVXl6sM7i4UF
playlists,France,Babymorocco,France,country,yes,https://open.spotify.com/track/329Z2rgRpRJsk6IDbjZGu2
playlists,NUEVAYoL,Bad Bunny,Nueva York (New York),city,yes,https://open.spotify.com/track/5TFD2bmFKGhoCRbX61nXY5
playlists,Boca Raton (with A$AP Ferg),"Bas, A$AP Ferg",Boca Raton,city,yes,https://open.spotify.com/track/72ic9IhRix05fIkRzGGMXD
playlists,Zanzibar,"Belly, Juicy J",Zanzibar,island,yes,https://open.spotify.com/track/3tNStsFoWlvNFGeRdUfncn
playlists,Follaton Wood,Ben Howard,Follaton Wood (Devon),landmark,yes,https://open.spotify.com/track/5u4eBUDbqXNkmu4B950Fe0
playlists,Brooklyn Drugs,Berhana,Brooklyn,neighborhood,yes,https://open.spotify.com/track/0j4mfXEgjfzO9Lx5mhQDtx
playlists,California,Berhana,California,state,yes,https://open.spotify.com/track/4lXbVIprNR0de0Rjjzj9Am
playlists,AMERICA HAS A PROBLEM (feat. Kendrick Lamar),"Beyoncé, Kendrick Lamar",America,country,yes,https://open.spotify.com/track/5xlLG6RthtyXShVhGA3ojN
playlists,LONDON (feat. J. Cole),"BIA, J. Cole",London,city,yes,https://open.spotify.com/track/5vhrsx08dHh2QcVh1Rsiwt
playlists,New York State of Mind,Billy Joel,New York,city,yes,https://open.spotify.com/track/6yjKlmm7vOszkXEUku1EM1
playlists,Vienna,Billy Joel,Vienna,city,yes,https://open.spotify.com/track/4U45aEWtQhrm8A5mxPaFZ7
playlists,santa monica & la brea,blackbear,Santa Monica & La Brea (Los Angeles),street,yes,https://open.spotify.com/track/4rHpjtahb0SrPqZzDt8LxU
playlists,Dagenham Dream,Blood Orange,Dagenham (London),town,yes,https://open.spotify.com/track/7wA6K5a70ApY3Ypgqg4Gbz
playlists,Minetta Creek,Blood Orange,Minetta Creek (New York),river,yes,https://open.spotify.com/track/7Kt7c9Q2B7hSyiTZvGQ37D
playlists,Fuck The World (Summer in London),Brent Faiyaz,London,city,yes,https://open.spotify.com/track/2LHRwhsMByGIVTtHxlOJg2
playlists,ALASKA,BROCKHAMPTON,Alaska,state,yes,https://open.spotify.com/track/7tI8c0zPTCulElXIw9aSbg
playlists,BERLIN,BROCKHAMPTON,Berlin,city,yes,https://open.spotify.com/track/7GxBuIJugWanLsYj0mDrFX
playlists,NEW ORLEANS,BROCKHAMPTON,New Orleans,city,yes,https://open.spotify.com/track/5kkxyqYSQrnHpfsmkjKi81
playlists,SAN MARCOS,BROCKHAMPTON,San Marcos (Texas),city,yes,https://open.spotify.com/track/1Bn8jBSmtSQdvAFXU3ok1w
playlists,TOKYO,BROCKHAMPTON,Tokyo,city,yes,https://open.spotify.com/track/1CKhx6sSkUxzomXnYZqSMh
playlists,Hollywood,Cal Scruby,Hollywood,neighborhood,yes,https://open.spotify.com/track/0HrmeIzkWq9hBZvBNR92zu
playlists,Havana (feat. Young Thug),"Camila Cabello, Young Thug",Havana,city,yes,https://open.spotify.com/track/0ofbQMrRDsUaVKq2mGLEAb
playlists,Lancaster Nights,Charlie Burg,Lancaster,city,yes,https://open.spotify.com/track/48jV8AW50589btXi0Hs5f4
playlists,California,Childish Gambino,California,state,yes,https://open.spotify.com/track/5sHde7fFQ5TthEulnBllhi
playlists,This Is America,Childish Gambino,America,country,yes,https://open.spotify.com/track/0b9oOr2ZgvyQu88wzixux9
playlists,Starfruit LA,Choker,LA (Los Angeles),city,yes,https://open.spotify.com/track/3SHfLFtsLu4qjYymz4iYMP
playlists,Starfruit NYC,Choker,NYC (New York),city,yes,https://open.spotify.com/track/1LXtIkrfk4goR5TEYN60b9
playlists,Dubai Dublin,"Chris Lake, Armand Van Helden",Dubai; Dublin,city,yes,https://open.spotify.com/track/3DoBRVWvpcQEwYigCuI82z
playlists,California Dreamin' (feat. High Jinx),"Chris Lorenzo, High Jinx",California,state,yes,https://open.spotify.com/track/4ASOMWcJUrwEpjJy4GEijz
playlists,Malibu Sleep,Col3trane,Malibu,city,yes,https://open.spotify.com/track/0cVquG5bipDxlQ8rLbX52d
playlists,Cape Canaveral,Conor Oberst,Cape Canaveral,landmark,yes,https://open.spotify.com/track/3MDOdyEXnNUQCEQuEmyGqJ
playlists,Walker Texas Ranger,DaBaby,Texas,state,yes,https://open.spotify.com/track/6aYi4lYcAohNhlNWsbWfy0
playlists,Streatham,Dave,Streatham (London),neighborhood,yes,https://open.spotify.com/track/59PUOc7B0WCNNx8Nr4qaA4
playlists,Brazil,Declan McKenna,Brazil,country,yes,https://open.spotify.com/track/4sNG6zQBmtq7M8aeeKJRMQ
playlists,America's Baby,Desiigner,America,country,yes,https://open.spotify.com/track/7ITaoibgb4OZpTWjou6Mtq
playlists,LA to NY,Desiigner,LA; NY,city,yes,https://open.spotify.com/track/5nqJBdFGKzBR6vl6YYlDJU
playlists,GREECE (feat. Drake),"DJ Khaled, Drake",Greece,country,yes,https://open.spotify.com/track/35RJhm1pEovTBwnNR0zWad
playlists,Pigalle,"DJ Snake, Moksi",Pigalle (Paris),neighborhood,yes,https://open.spotify.com/track/6GTxdh4FiA8XyCLFK1vvgG
playlists,Sahara,"DJ Snake, Skrillex",Sahara,landmark,yes,https://open.spotify.com/track/5GokpIAufFJxKqkJgRtdKD
playlists,Agora Hills,Doja Cat,Agoura Hills (California),city,yes,https://open.spotify.com/track/2G7SW5LADSzkwk3PTz7EMO
playlists,Swangin’ On Westheimer,Don Toliver,Westheimer Road (Houston),street,yes,https://open.spotify.com/track/0sze9rycXZswg5emYTFklv
playlists,Weston Road Flows,Drake,Weston Road (Toronto),street,yes,https://open.spotify.com/track/0P7HlSwSY8mJCWIk4yunb0
playlists,Chicago Freestyle (feat. Giveon),"Drake, GIVĒON",Chicago,city,yes,https://open.spotify.com/track/4wVOKKEHUJxHCFFNUWDn0B
playlists,Portland,"Drake, Quavo, Travis Scott",Portland,city,yes,https://open.spotify.com/track/2bjwRfXMk4uRgOD9IBYl9h
playlists,"Costa Rica (feat. Bas, JID, Guapdad 4000, Reese LAFLARE, Jace, Mez, Smokepurpp, Buddy & Ski Mask The Slump God)","Dreamville, Bas, JID, Guapdad 4000, Reese LAFLARE, Jace, Mez, Smokepurpp, Buddy, Ski Mask The Slump God",Costa Rica,country,yes,https://open.spotify.com/track/1MJYFJ2igOWZpTo2kDcolx
playlists,Bernal Heights,Duckwrth,Bernal Heights (San Francisco),neighborhood,yes,https://open.spotify.com/track/2LdbF40p7euLqEsaxpt70i
playlists,Ocean Drive,Duke Dumont,Ocean Drive (Miami),street,yes,https://open.spotify.com/track/0k93MXOj0kSXo84SvSDeUz
playlists,Rio - 2009 Remaster,Duran Duran,Rio de Janeiro,city,yes,https://open.spotify.com/track/43eBgYRTmu5BJnCJDBU5Hb
playlists,Hotel California - 2013 Remaster,Eagles,Hotel California,landmark,yes,https://open.spotify.com/track/40riOy7x9W7GXjyGp4pjAv
playlists,South Of France,Ebenezer,South of France,region,yes,https://open.spotify.com/track/0MFe23Ylf59JOhojBpcyr6
playlists,Last Train to London,Electric Light Orchestra,London,city,yes,https://open.spotify.com/track/6xE6ZWzK1YDDSYzqOCoQlz
playlists,From The D 2 The LBC (with Snoop Dogg),"Eminem, Snoop Dogg",Detroit; Long Beach,city,yes,https://open.spotify.com/track/7My9ca9QEIR8MvIOdIrTWA
playlists,MOVE TO MIAMI,"Enrique Iglesias, Pitbull",Miami,city,yes,https://open.spotify.com/track/1BuTNbYxxFYezD1tT8AJR9
playlists,Santa Monica,Everclear,Santa Monica,city,yes,https://open.spotify.com/track/37EJtTS7jT5WUyXGZzrwnI
playlists,London Bridge,Fergie,London Bridge,landmark,yes,https://open.spotify.com/track/7jRoWfRlLnGYEIEn4t4kbq
playlists,Palm Beach Banga,FISHER,Palm Beach,city,yes,https://open.spotify.com/track/5ys9prr50sDqyHBofCG1pA
playlists,Sierra Leone,Frank Ocean,Sierra Leone,country,yes,https://open.spotify.com/track/1HwbgJAU9PZ7YbzKgVgoIF
playlists,Travis! (Niagara Falls),friz.Leaks,Niagara Falls,landmark,yes,https://open.spotify.com/track/3GxnEKywnYz1O6V3gLsqOv
playlists,St. Lucia,Future,St. Lucia,island,yes,https://open.spotify.com/track/4lrSsZ9nRgkrHXekhM8Fy0
playlists,West Coast,"G-Eazy, Blueface",West Coast,region,yes,https://open.spotify.com/track/2O8gSQ9z52tZSLJnuzjkcG
playlists,"California (From ""The OC"")",Geek Music,California,state,yes,https://open.spotify.com/track/02JHoFePpcjbRnkEj3GdK8
playlists,Baker Street,Gerry Rafferty,Baker Street (London),street,yes,https://open.spotify.com/track/5gOd6zDC8vhlYjqbQdJVWP
playlists,Tokyo Drifting (with Denzel Curry),"Glass Animals, Denzel Curry",Tokyo,city,yes,https://open.spotify.com/track/3AHqaOkEFKZ6zEHdiplIv7
playlists,The Sound Of San Francisco - Progressive Album Mix,Global Deejays,San Francisco,city,yes,https://open.spotify.com/track/60tsXfCcG6Ljxsr8whOXL5
playlists,Cupid's Chokehold / Breakfast in America,Gym Class Heroes,America,country,yes,https://open.spotify.com/track/2Lhdl74nwwVGOE2Gv35QuK
playlists,Sedona,Houndmouth,Sedona (Arizona),city,yes,https://open.spotify.com/track/65T1aY3I9qfNUDVAnaM9bq
playlists,"New Hawaii (Feat. DRAM, Tony Velour & Dylan Brady)","Injury Reserve, DRAM, Tony Velour, Dylan Brady",Hawaii,state,yes,https://open.spotify.com/track/6iuDHMCdGLgbACiJ8idowL
playlists,West Savannah (feat. SZA),"Isaiah Rashad, SZA",West Savannah (Georgia),neighborhood,yes,https://open.spotify.com/track/0Gt4nGWoATcQFL38a1NRao
playlists,"Crown Ct, Racine",IshDARR,"Crown Court, Racine (Wisconsin)",street,yes,https://open.spotify.com/track/4y2dhdxIQkXlsHOGXaCrMM
playlists,St. Tropez,J. Cole,Saint-Tropez,town,yes,https://open.spotify.com/track/4qRjfovbhI4EwP7VQNfxVW
playlists,Churchill Downs (feat. Drake),"Jack Harlow, Drake",Churchill Downs (Louisville),landmark,yes,https://open.spotify.com/track/3EMp20j5E42MxfFbsEsIvD
playlists,Str8 Outta Mumbai,Jai Paul,Mumbai,city,yes,https://open.spotify.com/track/3pROf3AwBDvr2LaGfpZFnT
playlists,Queen St,Jayd Ink,Queen Street (Toronto),street,yes,https://open.spotify.com/track/3y5kablQcdGYEmLHkTHvIF
playlists,Empire State Of Mind [Jay-Z + Alicia Keys],JAŸ-Z,Empire State (New York),state,yes,https://open.spotify.com/track/69yVxyuRahEzs2taFMVVoO
playlists,Empire State Of Mind,"JAŸ-Z, Alicia Keys",Empire State (New York),state,yes,https://open.spotify.com/track/2igwFfvr1OAGX9SKDCPBwO
playlists,Ni**as In Paris,"JAŸ-Z, Kanye West",Paris,city,yes,https://open.spotify.com/track/7fQmDkqrrj13kxv4Vle3AM
playlists,Made In America,"JAŸ-Z, Kanye West, Frank Ocean",America,country,yes,https://open.spotify.com/track/15kwOUhZh4wLBhXALRdH2j
playlists,Walkin’ Back to Georgia,Jim Croce,Georgia,state,yes,https://open.spotify.com/track/1y4fbtHSJLqpaQXduQw88e
playlists,"Mulholland Drive, My Abyss",Johnny Rain,Mulholland Drive (Los Angeles),street,yes,https://open.spotify.com/track/67rsyQGAck6EyzdaNgPajW
playlists,YUKON (INTERLUDE),Joji,Yukon,province,yes,https://open.spotify.com/track/6c1yUgFlhUHLAM9hSDkVBq
playlists,WHY AM I STILL IN LA (feat. Shlohmo & D33J),"Joji, D33J, Shlohmo",LA (Los Angeles),city,yes,https://open.spotify.com/track/1X8YgRhzbdXb1vZNLUTn9g
playlists,MEDELLÍN,Jordy,Medellín,city,yes,https://open.spotify.com/track/1P2oHHt55HVVOZ2no8s7F0
playlists,Wandered To LA (with Justin Bieber),"Juice WRLD, Justin Bieber",LA (Los Angeles),city,yes,https://open.spotify.com/track/5J6rTmMjF9DVIAF8G3M9n4
playlists,"Heavy, California",Jungle,California,state,yes,https://open.spotify.com/track/34wcz4mpAActEc6gtqX3wz
playlists,Miami (feat. BIA),"Kali Uchis, BIA",Miami,city,yes,https://open.spotify.com/track/5oJAaPRS2EzNIc8EWIbucE
playlists,Diamonds From Sierra Leone,Kanye West,Sierra Leone,country,yes,https://open.spotify.com/track/2hY2rXKowLQeUBYgPU5oGd
playlists,No More Parties In LA,Kanye West,LA (Los Angeles),city,yes,https://open.spotify.com/track/0zLClc0emc6qUeV1p5nc99
playlists,Who Will Survive In America,Kanye West,America,country,yes,https://open.spotify.com/track/4e5IPJxSGVWPsaxQzdRseN
playlists,California Gurls,"Katy Perry, Snoop Dogg",California,state,yes,https://open.spotify.com/track/6KOEK6SeCEZOQkLj5M1PxH
playlists,Miserable America,Kevin Abstract,America,country,yes,https://open.spotify.com/track/5WPVwig7Tl6NFJ5BL6ONhd
playlists,Tennessee (feat. Lil Nas X),"Kevin Abstract, Lil Nas X",Tennessee,state,yes,https://open.spotify.com/track/7G6J8Dnz3Y57H1pfXozEae
playlists,Texas Sun,"Khruangbin, Leon Bridges",Texas,state,yes,https://open.spotify.com/track/24ntSW3QVJzR79lHAAOTaY
playlists,Tokyo,"Klinical, Spektiv",Tokyo,city,yes,https://open.spotify.com/track/0lqvcq1uZbeau5O0AOmj6g
playlists,Long Beach,"Kota the Friend, Hello O'shay, Alex Banin",Long Beach,city,yes,https://open.spotify.com/track/6tqIes4TjudsjfIpK4P2Jh
playlists,Paris,L'Impératrice,Paris,city,yes,https://open.spotify.com/track/6UTDgh5ezazezpAe4HmAos
playlists,Santa Catarina,Lazywax,Santa Catarina (Brazil),region,yes,https://open.spotify.com/track/0Rk5Ma0d9pQac2elQWky1Z
playlists,Georgia to Texas,Leon Bridges,Georgia; Texas,state,yes,https://open.spotify.com/track/7JSixgF6zx9HroDMRnjn7p
playlists,California Breeze,Lil Baby,California,state,yes,https://open.spotify.com/track/6ug9fUi5oLLgQgOF1G8WkM
playlists,Broadway Girls (feat. Morgan Wallen),"Lil Durk, Morgan Wallen",Broadway (New York),street,yes,https://open.spotify.com/track/3DZ8dbKg4OTSSqGARvecYd
playlists,Minnesota,"Lil Yachty, Quavo, Skippa Da Flippa, Young Thug",Minnesota,state,yes,https://open.spotify.com/track/4XkOcWt0C2JX1s2RXybosk
playlists,Amazon River Cruise,Lofi Coffee,Amazon River,river,yes,https://open.spotify.com/track/6IK1DG5vioeyUpoY5Thi7u
playlists,Studio Ambience At Night: Malibu,Logic,Malibu,city,yes,https://open.spotify.com/track/7mfLCMIvu0cZVNpvdXEVT5
playlists,America,"Logic, Black Thought, Chuck D, Big Lenbo, No ID",America,country,yes,https://open.spotify.com/track/77mLzdHEWRB60CLlV02TV2
playlists,Sun God Sam & The California Drug Deals (feat. Nikki Jean),"Lupe Fiasco, Nikki Jean",California,state,yes,https://open.spotify.com/track/2maaXK8vK3gzOxsChNKiW6
playlists,Down Under (feat. Colin Hay),"Luude, Colin Hay",Down Under (Australia),country,yes,https://open.spotify.com/track/7AVyve7cFYTd51ha5i9kE2
playlists,Sweet Home Alabama,Lynyrd Skynyrd,Alabama,state,yes,https://open.spotify.com/track/4CJVkjo5WpmUAKp3R44LNb
playlists,Party On Fifth Ave.,Mac Miller,Fifth Avenue (New York),street,yes,https://open.spotify.com/track/27Ms3vSnrfyrzpb7mbXeNp
playlists,When in Rome,Mac Miller,Rome,city,yes,https://open.spotify.com/track/4lIVN4LUJCmweoGJmk6hK9
playlists,King City,Majid Jordan,King City (Ontario),town,yes,https://open.spotify.com/track/1X1y6CQmAejhN8oeFtouje
playlists,Party on the West Coast (feat. Snoop Dogg),"Matoma, Faith Evans, The Notorious B.I.G., Snoop Dogg",West Coast,region,yes,https://open.spotify.com/track/45OfR7ugJMgbFDuNOVpIq3
playlists,Drugs From Amsterdam,Mau P,Amsterdam,city,yes,https://open.spotify.com/track/0w7JPlp7eEQI2EKW3ayXrv
playlists,Otherside of America,Meek Mill,America,country,yes,https://open.spotify.com/track/3JBvJ9PwrYA1oeUzI3FMRI
playlists,Trap Paris (feat. Quavo & Ty Dolla $ign),"mgk, Quavo, Ty Dolla $ign",Paris,city,yes,https://open.spotify.com/track/7DLswAt4vQingBBs40mfwj
playlists,Barcelona,Mick Jenkins,Barcelona,city,yes,https://open.spotify.com/track/10WiVV9s0nLr2M4tktx2QY
playlists,Malibu (feat. Polo G),"Migos, Polo G",Malibu,city,yes,https://open.spotify.com/track/3v1zVVdzNVNt7vmI9VG2gq
playlists,City of Angels,Miguel,City of Angels (Los Angeles),city,yes,https://open.spotify.com/track/6Lnn71AwH0uzSocADOF8ei
playlists,I Took A Pill In Ibiza - Seeb Remix,"Mike Posner, Seeb",Ibiza,island,yes,https://open.spotify.com/track/7vfWgVGiLgnGbInU5lvSQg
playlists,Party In The U.S.A.,Miley Cyrus,USA,country,yes,https://open.spotify.com/track/5Q0Nhxo0l2bP3pNjpGJwV1
playlists,Morocco,Moon Taxi,Morocco,country,yes,https://open.spotify.com/track/0ecM7uGyjgJnBliXS2fPP9
playlists,One Night in Bangkok,Murray Head,Bangkok,city,yes,https://open.spotify.com/track/6erBowZaW6Ur3vNOWhS2zM
playlists,Interstate 10 (feat. Future),"Mustard, Future",Interstate 10,street,yes,https://open.spotify.com/track/4j13h3sia1FhQG18bjSXEC
playlists,Straight Outta Compton,N.W.A.,Compton,city,yes,https://open.spotify.com/track/4LujRMTMwAfFKjm45tixHY
playlists,Miami,Nicki Minaj,Miami,city,yes,https://open.spotify.com/track/1DfASEEKVByFKTgCArlkS5
playlists,California Water,"Nipsey Hussle, Big Lean",California,state,yes,https://open.spotify.com/track/000JCyEkMFumqCZQJAORiQ
playlists,Montego Bae,"Noname, Ravyn Lenae",Montego Bay (Jamaica),city,yes,https://open.spotify.com/track/1g2mY3SYKNI90COS9x8dgB
playlists,Chernobyl,Oliver Francis,Chernobyl,town,yes,https://open.spotify.com/track/7KmaqxaakNs8frMSc4a0Bc
playlists,Break from Toronto,PARTYNEXTDOOR,Toronto,city,yes,https://open.spotify.com/track/79MSEdtXuudhGhC5AtG07g
playlists,Patagonia,Patawawa,Patagonia,region,yes,https://open.spotify.com/track/3aRNWHU0H8lCNwrE1pEiJv
playlists,I Know You Want Me (Calle Ocho),Pitbull,Calle Ocho (Miami),street,yes,https://open.spotify.com/track/13plQdOoWSSXPRUSZc5FuM
playlists,EL SALVADOR,PNTHN,El Salvador,country,yes,https://open.spotify.com/track/6lW9jtTr4Ncp8jxfGgflox
playlists,Hollywood's Bleeding,Post Malone,Hollywood,neighborhood,yes,https://open.spotify.com/track/77Y7tccX9Hx5iClDr39uy9
playlists,Cruisin' in The MIA,Pouya,MIA (Miami),city,yes,https://open.spotify.com/track/7wNq3rMwJxZWMw3U13VYVj
playlists,Guatemala - From Swaecation,"Rae Sremmurd, Swae Lee, Slim Jxmmi",Guatemala,country,yes,https://open.spotify.com/track/0TCnOEVeLQMXOUrpPlM7uY
playlists,Heartbreak In Encino Hills - From Swaecation,"Rae Sremmurd, Swae Lee, Slim Jxmmi",Encino Hills (Los Angeles),neighborhood,yes,https://open.spotify.com/track/5EPvaeFspQrXoL7Xlz1SmL
playlists,Barking,Ramz,Barking (London),town,yes,https://open.spotify.com/track/2U5cq89GCnsR1yixKkC8d5
playlists,A Wedding in Cherokee County - 2002 Remaster,Randy Newman,Cherokee County,region,yes,https://open.spotify.com/track/6ykqc6Z9kIKZBinWmEPitn
playlists,Birmingham - 2002 Remaster,Randy Newman,Birmingham,city,yes,https://open.spotify.com/track/5ZF3YU3oOEe7QsnJxz4CQV
playlists,Louisiana 1927 - 2002 Remaster,Randy Newman,Louisiana,state,yes,https://open.spotify.com/track/7qLEaxMiR8WUsCG1uOBsuO
playlists,Dani California,Red Hot Chili Peppers,California,state,yes,https://open.spotify.com/track/10Nmj3JCNoMeBQ87uw5j8k
playlists,Alone in Miami,Remi Wolf,Miami,city,yes,https://open.spotify.com/track/4kJji6M0tDGppcCXliF6Kf
playlists,Arizona (feat. AUGUST 08),"Rich Brian, AUGUST 08",Arizona,state,yes,https://open.spotify.com/track/3q0UN40vV6mI7TT560Ry5l
playlists,BALI,"Rich Brian, Guapdad 4000",Bali,island,yes,https://open.spotify.com/track/2XW3vH6ZqMHvlzUSfhWW2X
playlists,Little Havana (feat. Willie Falcon & The-Dream),"Rick Ross, THE-DREAM, Willie Falcon",Little Havana (Miami),neighborhood,yes,https://open.spotify.com/track/3gndNki9XASWs43xZbbVlG
playlists,Only In America,Riff Raff,America,country,yes,https://open.spotify.com/track/4LrAgCXHMhMGvcW7Myw5yL
playlists,iNDiANA BOBBY KNiGHT HOOSiERS,"Riff Raff, Killah Priest",Indiana,state,yes,https://open.spotify.com/track/50joeBFNu0wlbXssbQZYJK
playlists,Shout Out to the Bay (feat. King Chip),"Riff Raff, King Chip",The Bay (San Francisco Bay Area),region,yes,https://open.spotify.com/track/4F2lEyNp9XJUeglBjwO3qL
playlists,Costa Rica (feat. Ski Mask the Slump God),"RONNY J, Ski Mask The Slump God",Costa Rica,country,yes,https://open.spotify.com/track/6JxdRch1BQkPVUWjcuudvI
playlists,Berghain,"ROSALÍA, Björk, Yves Tumor",Berghain (Berlin),landmark,yes,https://open.spotify.com/track/2T8yuUKl1nhmtaIocqWo4i
playlists,HOLLYWOOD FICTION,"SHADESOFBLUE, Dom Vallie",Hollywood,neighborhood,yes,https://open.spotify.com/track/00I90fPqvrE8HmJw9PNGyl
playlists,Waka Waka (This Time for Africa) [The Official 2010 FIFA World Cup (TM) Song] (feat. Freshlyground),"Shakira, Freshlyground",Africa,continent,yes,https://open.spotify.com/track/6bNB5gxFX6Q87DbQWb8OWZ
playlists,Fljótavík,Sigur Rós,Fljótavík (Iceland),landmark,yes,https://open.spotify.com/track/3URpscQ0IsNxI3SO9nC902
playlists,Shibuya,Ski Mask The Slump God,Shibuya (Tokyo),neighborhood,yes,https://open.spotify.com/track/3Nv0VdYEBn1B2wxCJK2VV2
playlists,Northampton's Child,slowthai,Northampton,town,yes,https://open.spotify.com/track/3Xc81N8Jv9KARlmXTsVmRA
playlists,Nothing Great About Britain,slowthai,Britain,country,yes,https://open.spotify.com/track/2HOH5XH79PmVNnfqDjqUjr
playlists,Ocean Drive,"Smif-N-Wessun, Musiq Soulchild, Rapsody",Ocean Drive (Miami),street,yes,https://open.spotify.com/track/30lOVSDMKSHvziffvwCDd7
playlists,Berlin Nightmare (feat. Evita Manji),"SOPHIE, Evita Manji",Berlin,city,yes,https://open.spotify.com/track/0ZZgJ88wX7vdRQSFEW04FM
playlists,Miami 2 Ibiza - Swedish House Mafia vs. Tinie Tempah,"Swedish House Mafia, Tinie Tempah",Miami; Ibiza,city,yes,https://open.spotify.com/track/5ZFVacinyPxz19eK2vTodL
playlists,Tallahassee Love,T-Pain,Tallahassee,city,yes,https://open.spotify.com/track/1Z4wgZ4LR2CGpR35q2vEaW
playlists,Georgia (feat. 2 Chainz),"T.R.U., Sleepy Rose, 2 Chainz",Georgia,state,yes,https://open.spotify.com/track/1Thc3bsfXPehTeOQd75qUu
playlists,"Tokyo Drift (Fast & Furious) - From ""The Fast And The Furious: Tokyo Drift"" Soundtrack",Teriyaki Boyz,Tokyo,city,yes,https://open.spotify.com/track/5iJfzXKvQXlYOBtEQhEmpA
playlists,London Calling - Remastered,The Clash,London,city,yes,https://open.spotify.com/track/5jzma6gCzYtKB1DbEwFZKH
playlists,Dead Sea,The Lumineers,Dead Sea,landmark,yes,https://open.spotify.com/track/7L15H5csjw2SBtr3IdnwKb
playlists,California Dreamin',The Mamas & The Papas,California,state,yes,https://open.spotify.com/track/1ZEOIhSn6BKErV59bIgn76
playlists,Australia,The Shins,Australia,country,yes,https://open.spotify.com/track/47TQjzeG4KI0XWWb0wkbri
playlists,Heaven Or Las Vegas,The Weeknd,Las Vegas,city,yes,https://open.spotify.com/track/3hDnFYwpnY0wONZDkYxUsj
playlists,Montreal,The Weeknd,Montreal,city,yes,https://open.spotify.com/track/6fRgjqJptZry7fipP2Beyh
playlists,São Paulo (feat. Anitta),"The Weeknd, Anitta",São Paulo,city,yes,https://open.spotify.com/track/7DY756WOLyOz2Xnhw4EFiC
playlists,The Paris of the West,THE-DREAM,Paris,city,yes,https://open.spotify.com/track/52gJgDguaYByZDKyjlxTWd
playlists,London Honda Nasty Taxi - Superstar Remix,"Thoom, Babymorocco",London,city,yes,https://open.spotify.com/track/1DtAJ6HamNcv9SUXMEOvgl
playlists,Pasadena,"Tinashe, Buddy",Pasadena,city,yes,https://open.spotify.com/track/0LFKnn56aITNeS2PRyGBFp
playlists,MIAMI,Tommy Richman,Miami,city,yes,https://open.spotify.com/track/3KH7W2zKlPHeLc2dS9UQe4
playlists,Monte Carlo (feat. WET),"Toro y Moi, Wet",Monte Carlo,city,yes,https://open.spotify.com/track/3R73Y7X53MIQZWnKloWq5i
playlists,Florida Shit,Tory Lanez,Florida,state,yes,https://open.spotify.com/track/4buoiIRN6ysNgWFygoVccn
playlists,LA Confidential,Tory Lanez,LA (Los Angeles),city,yes,https://open.spotify.com/track/5CYRfPViGWqsLoypm1bX4u
playlists,Africa,TOTO,Africa,continent,yes,https://open.spotify.com/track/2374M0fQpWi3dLnB54qaLX
playlists,HOUSTONFORNICATION,Travis Scott,Houston,city,yes,https://open.spotify.com/track/58TaFP5j5i9swOf584yon2
playlists,YOSEMITE,Travis Scott,Yosemite,landmark,yes,https://open.spotify.com/track/7lAK3oHbfEnvUQWosrMMpR
playlists,South Beach (feat. Quavo & French Montana),"Ty Dolla $ign, French Montana, Quavo",South Beach (Miami),neighborhood,yes,https://open.spotify.com/track/6mvXHfwY5pmeV5ipcGGpcQ
playlists,Memories On 47th St.,VIC MENSA,47th Street (Chicago),street,yes,https://open.spotify.com/track/7dwwYpvIFwFp7Y8JI5XUgV
playlists,Ramona Park Is Yankee Stadium,Vince Staples,Ramona Park (Long Beach); Yankee Stadium,landmark,yes,https://open.spotify.com/track/3hJkeEjwi8foYgWDZnWKTB
playlists,Beverly Hills,Weezer,Beverly Hills,city,yes,https://open.spotify.com/track/1yKu2MhpwzDXXH2tzG6xoa
playlists,Soho (feat. JID),"WESTSIDE BOOGIE, JID",Soho,neighborhood,yes,https://open.spotify.com/track/35Rbqn962gEydsN1VKOC3T
playlists,Miami,Will Smith,Miami,city,yes,https://open.spotify.com/track/6e8Ou0wiqAzIpWb2eSxll8
playlists,Bompton to Oak Park,"YG, Mozzy",Bompton (Compton); Oak Park (Sacramento),neighborhood,yes,https://open.spotify.com/track/0q4fs6uTg6Ve9m3fuqKrkU
playlists,The London (feat. J. Cole & Travis Scott),"Young Thug, J. Cole, Travis Scott",London,city,yes,https://open.spotify.com/track/7DcvwMAiqKJQD1rrdfxSDx
playlists,r - Cali,A$AP Rocky,Cali (California),state,maybe,https://open.spotify.com/track/2oMOqX9k4k16odibNkYyrD
playlists,Portishead in the Morning / / / HER World,Ab-Soul,Portishead (England),town,maybe,https://open.spotify.com/track/31uRzHTeoXHKzaDtht3315
playlists,Live from the Moon (feat. Yung Mehico),"Action Bronson, Yung Mehico",The Moon,landmark,maybe,https://open.spotify.com/track/4zvxkRgrhGdkTVnA5vFOhP
playlists,27/Faust Road - Unplugged At CBC,Allan Rayman,Faust Road,street,maybe,https://open.spotify.com/track/0lczTM7qIIdn5uyqfj29Xm
playlists,Faust Road,"Allan Rayman, Adria Kain",Faust Road,street,maybe,https://open.spotify.com/track/2xQCppVUP4C0fBLTBu5dO3
playlists,Verona the Hellcat (feat. Jessie Reyez),"Allan Rayman, Jessie Reyez",Verona (Italy),city,maybe,https://open.spotify.com/track/3A6AHCaSiE82n560LROJuQ
playlists,Riverside,America,Riverside,city,maybe,https://open.spotify.com/track/2S7hH8gCuwlqL8vqia3eJp
playlists,The Church at Auvers,ANKHLEJOHN,Auvers-sur-Oise (France),town,maybe,https://open.spotify.com/track/0E7tj05QD0rn4S6PoHiQD3
playlists,Landau,"Arthur Jeffes, Penguin Café and Kathryn Tickell",Landau (Germany),city,maybe,https://open.spotify.com/track/1IJAlJ94h71yIwRxwZhhKc
playlists,Wade Green,Berhana,"Wade Green Road (Kennesaw, GA)",street,maybe,https://open.spotify.com/track/341RzZ5GEEmi4k4mg5M9Av
playlists,Orlando,Blood Orange,Orlando,city,maybe,https://open.spotify.com/track/1H8BKN1WYV6AW1kghI3ldP
playlists,La La Land (feat. YG),"Bryce Vine, YG",La La Land (Los Angeles),city,maybe,https://open.spotify.com/track/3TpBefRZ1vFcOH6z57PQRI
playlists,Trouble On Central,Buddy,Central Avenue (Los Angeles),street,maybe,https://open.spotify.com/track/3tsFWhe45D6CGFSMA77T3B
playlists,Talamanca,BURNS,Talamanca (Ibiza),landmark,maybe,https://open.spotify.com/track/7dDLAQ1y0qOq3E4DhNh8FS
playlists,Fuji Unlimited,Choker,Mount Fuji,landmark,maybe,https://open.spotify.com/track/0MsRHAh0kBTI0PYtqPFaki
playlists,In The Yuma (feat. Aatig),"Chris Lake, Aatig",Yuma (Arizona),city,maybe,https://open.spotify.com/track/2e2yKavdT6WQzzMHwNtPFa
playlists,Screwface Capital,Dave,Screwface Capital (London),city,maybe,https://open.spotify.com/track/65TggCitjPK0sUXtwgOkN9
playlists,Babylon,David Gray,Babylon,city,maybe,https://open.spotify.com/track/1sEDn0QkcjWGVoti0Da4kA
playlists,Mulholland's Dinner and Wine,Declan McKenna,Mulholland,street,maybe,https://open.spotify.com/track/2RjD1CgW7MWRWSNkimCPNy
playlists,Westcoast Collective,Dominic Fike,West Coast,region,maybe,https://open.spotify.com/track/582ndoUAn4YIN30NUnK6S2
playlists,Magic City (feat. Quavo),"Fivio Foreign, Quavo",Magic City (Atlanta/Miami),city,maybe,https://open.spotify.com/track/6qHhHEBX3W1ahFasgShdih
playlists,Pyramids,Frank Ocean,Pyramids (Egypt),landmark,maybe,https://open.spotify.com/track/4QhWbupniDd44EDtnh2bFJ
playlists,Skyway Bridge,Immerze,Skyway Bridge (Tampa),landmark,maybe,https://open.spotify.com/track/5gM24eXYzfpty8JxTljad0
playlists,Miss America,J. Cole,America,country,maybe,https://open.spotify.com/track/0aKjN6mBKSMmP3TpfezOxM
playlists,Ville Mentality,J. Cole,"The Ville (Fayetteville, NC)",city,maybe,https://open.spotify.com/track/2z3joGXrdGL2iEjIKQTiN1
playlists,New York Times (feat. 50 Cent & Bas),"J. Cole, 50 Cent, Bas",New York,city,maybe,https://open.spotify.com/track/5u89YD9CJMFVfFqUoeGy2P
playlists,Shaky Town - Live,Jackson Browne,Shaky Town (Los Angeles),city,maybe,https://open.spotify.com/track/6MK6vLjEjqb5NZ4YTug11j
playlists,Rotation 112th,Jay Rock,"112th Street (Watts, LA)",street,maybe,https://open.spotify.com/track/2eukyNeMlFD8ULgttOeFwH
playlists,Hawaiian Roller Coaster Ride,"Jesse Bloch, Coby Watts",Hawaii,state,maybe,https://open.spotify.com/track/7glRKZBfCam0TLK9CaDTGv
playlists,Skegee,JID,Tuskegee (Alabama),city,maybe,https://open.spotify.com/track/4MwhUpDkOOb4UU7BtKznlu
playlists,Guantanamera,Joan Baez,Guantánamo (Cuba),city,maybe,https://open.spotify.com/track/5TwBvbNIlgmGWgKx61uDFI
playlists,Back On 74,Jungle,Route 74,street,maybe,https://open.spotify.com/track/19kHhX6f6EfLU7rcO3RqjO
playlists,Silent Hill,"Kendrick Lamar, Kodak Black",Silent Hill,town,maybe,https://open.spotify.com/track/3tYTyAt1q6BFBiGyYVOLhi
playlists,Degas Park,Kevin Abstract,Degas Park,landmark,maybe,https://open.spotify.com/track/0sri8HoWihcZO9Gr31gbmy
playlists,Flintridge,Kevin Abstract,Flintridge (California),neighborhood,maybe,https://open.spotify.com/track/6HJ8xGm3vwIkl8QyTNMJBT
playlists,Suncity (feat. Empress Of),"Khalid, Empress Of",Sun City (El Paso),city,maybe,https://open.spotify.com/track/6SkHm6poyKfzV6kc9any8k
playlists,Killamonjaro,KILLY,Kilimanjaro,landmark,maybe,https://open.spotify.com/track/537l7spEsGg6aWl6Y9eKAs
playlists,Nolia (feat. Kevin Gates),"Lil Yachty, Kevin Gates","Nolia (Magnolia Projects, New Orleans)",neighborhood,maybe,https://open.spotify.com/track/0oK6aZFtGPCCQ83lChpGO3
playlists,Manilla,Lupe Fiasco,Manila,city,maybe,https://open.spotify.com/track/4qWFWexB8E8Bx0SMogNO9A
playlists,Savannah Sunset (feat. Tinashe),"MadeinTYO, Tinashe",Savannah,city,maybe,https://open.spotify.com/track/7fy0iQWCHenbmFAz0U4jru
playlists,Pacifico,Majid Jordan,Pacific Ocean,landmark,maybe,https://open.spotify.com/track/6rhUGIxFVgYjGPFsZfwUxL
playlists,Navajo,Masego,Navajo Nation,region,maybe,https://open.spotify.com/track/6zWU7YALeEDMcPGhKKZJhV
playlists,Millidelphia (feat. Swizz Beatz),"Meek Mill, Swizz Beatz",Philadelphia,city,maybe,https://open.spotify.com/track/1dQ84P0W0lOckT02lPEhhP
playlists,Turks (feat. Travis Scott),"NAV, Gunna, Travis Scott",Turks and Caicos,island,maybe,https://open.spotify.com/track/0lSZh5W0wDeurkGzLYY6hf
playlists,Wild Wild West (feat. Gunna),"Offset, Gunna",Wild West,region,maybe,https://open.spotify.com/track/0SQ8yalm13UIJuebuZkQlH
playlists,Stateside,PinkPantheress,Stateside (USA),country,maybe,https://open.spotify.com/track/7Fr2Q6q3rAxFUcMkuvVrXO
playlists,Stateside + Zara Larsson,"PinkPantheress, Zara Larsson",Stateside (USA),country,maybe,https://open.spotify.com/track/1DwscornXpj8fmOmYVlqZt
playlists,Canada Goose,"Pressa, Tory Lanez",Canada,country,maybe,https://open.spotify.com/track/0c473vwMZxxXcdhHay62PN
playlists,Lost Angels - From Swaecation,"Rae Sremmurd, Swae Lee, Slim Jxmmi",Lost Angels (Los Angeles),city,maybe,https://open.spotify.com/track/3DrRtOEaOMZtPYnPCkUSIV
playlists,Puerto Rican Judo,"RATKING, Wavy Spice",Puerto Rico,island,maybe,https://open.spotify.com/track/7weg38x9Nfz304xOasEbBl
playlists,Californication,Red Hot Chili Peppers,California,state,maybe,https://open.spotify.com/track/48UPSzbZjgc449aqz8bxox
playlists,Sydney,Rich Brian,Sydney,city,maybe,https://open.spotify.com/track/3OzZSSRbdIr1Jojw1rHUB1
playlists,B-Town,Roy Woods,B-Town,city,maybe,https://open.spotify.com/track/1rRygQj3K8cPKRHhq3CtsZ
playlists,Boblo Boat (feat. J. Cole),"Royce Da 5'9"", J. Cole",Bob-Lo Island (Detroit),island,maybe,https://open.spotify.com/track/0DFXJsb272VivfOYi6bRtj
playlists,Straumnes,Sigur Rós,Straumnes (Iceland),landmark,maybe,https://open.spotify.com/track/6fmbMG7qImtJMjvjs8M8Hf
playlists,Angeles (feat. MK Grands),"Stwo, MK Grands",Los Angeles,city,maybe,https://open.spotify.com/track/6cEj1fwX6JpBYd98whnEv5
playlists,Kilby Girl,The Backseat Lovers,Kilby Court (Salt Lake City),landmark,maybe,https://open.spotify.com/track/1170VohRSx6GwE6QDCHPPH
playlists,Brazilian Soul (feat. Sofi Tukker),"The Knocks, SOFI TUKKER",Brazil,country,maybe,https://open.spotify.com/track/6rKq8Ri90B3UGEiWuN9e2I
playlists,Drops of Jupiter (Tell Me),Train,Jupiter,landmark,maybe,https://open.spotify.com/track/2hKdd3qO7cWr2Jo0Bcs0MA
playlists,90210 (feat. Kacy Hill),"Travis Scott, Kacy Hill",90210 (Beverly Hills),city,maybe,https://open.spotify.com/track/51EC3I1nQXpec4gDk0mQyP
playlists,Oneida,Tyler Childers,Oneida (New York),town,maybe,https://open.spotify.com/track/5dUCixiCL0CcIUdlgUl1ct
playlists,Georgia,Vance Joy,Georgia,state,maybe,https://open.spotify.com/track/429EttO8gs0bDo2SQfUNSm
playlists,Down South (feat. Yella Beezy & Maxo Kream),"Wale, Maxo Kream, Yella Beezy",Down South,region,maybe,https://open.spotify.com/track/3iBTlAs9ki435FDkt7LXUA
playlists,Orlando,XXXTENTACION,Orlando,city,maybe,https://open.spotify.com/track/05bnEv2dpFzmGVLGdjD9UP
playlists,BOMPTOWN FINEST,YG,Bompton (Compton),city,maybe,https://open.spotify.com/track/3AT4akM1Oj1dfCb0ZA9cdy
playlists,BPT,YG,BPT (Compton),city,maybe,https://open.spotify.com/track/1tdc73ozehKPyRWRKs0lja
playlists,CANT GET IN KANADA,YG,Canada,country,maybe,https://open.spotify.com/track/3Wv6AagA0qqWH7nRDrkgh7
